,Unnamed: 0,COUNTRY,ISO3,WHO_REGION,DATA_SOURCE,DATE_UPDATED,TOTAL_VACCINATIONS,PERSONS_VACCINATED_1PLUS_DOSE,TOTAL_VACCINATIONS_PER100,PERSONS_VACCINATED_1PLUS_DOSE_PER100,PERSONS_FULLY_VACCINATED,PERSONS_FULLY_VACCINATED_PER100,FIRST_VACCINE_DATE,NUMBER_VACCINES_TYPES_USED,vac_0,vac_1,vac_2,vac_3,vac_4,vac_5,vac_6,vac_7,vac_8,vac_ID
0,0,Afghanistan,AFG,EMRO,REPORTING,30/8/21,1979652,773002.0,5.085,1.986,441371.0,1.134,22/2/21,4.0,BBIBP-CorV,Janssen,Pfizer,AstraZeneca,,,,,,Beijing CNBG - BBIBP-CorV:Janssen - Ad26.COV 2.5:Pfizer BioNTech - Comirnaty:SII - Covishield
1,1,Albania,ALB,EURO,OWID,30/8/21,1458048,824170.0,50.665,28.639,633878.0,22.026,,4.0,AstraZeneca, Pfizer BioNTech - Comirnaty, Sinovac - CoronaVac, Gamaleya - Sputnik V,,,,,,AstraZeneca - AZD1222: Pfizer BioNTech - Comirnaty: Sinovac - CoronaVac: Gamaleya - Sputnik V
2,2,Algeria,DZA,AFRO,REPORTING,23/8/21,4146091,3421279.0,9.455,7.802,724812.0,1.653,30/1/21,3.0,BBIBP-CorV,Sputnik V,AstraZeneca,,,,,,,Beijing CNBG - BBIBP-CorV:Gamaleya - Sputnik V:SII - Covishield
3,3,American Samoa,ASM,WPRO,REPORTING,20/8/21,54425,29993.0,98.601,54.338,24977.0,45.251,21/12/20,3.0,Janssen,Moderna,Pfizer,,,,,,,Janssen - Ad26.COV 2.5:Moderna - mRNA-1273:Pfizer BioNTech - Comirnaty
4,4,Andorra,AND,EURO,OWID,15/8/21,91660,51044.0,118.631,66.064,40616.0,52.567,,2.0,AstraZeneca, Pfizer BioNTech - Comirnaty,,,,,,,,AstraZeneca - AZD1222: Pfizer BioNTech - Comirnaty
5,5,Angola,AGO,AFRO,REPORTING,1/9/21,2086325,1165755.0,6.348,3.547,920570.0,2.801,10/3/21,1.0,AstraZeneca,,,,,,,,,SII - Covishield
6,6,Anguilla,AIA,AMRO,REPORTING,27/8/21,18458,9493.0,123.037,63.278,8965.0,59.759,5/2/21,1.0,AstraZeneca,,,,,,,,,AstraZeneca - Vaxzevria
7,7,Antigua and Barbuda,ATG,AMRO,REPORTING,27/8/21,72902,39808.0,74.444,40.65,33094.0,33.794,19/2/21,5.0,AstraZeneca,BBIBP-CorV,Sputnik V,Pfizer,AstraZeneca,,,,,AstraZeneca - Vaxzevria:Beijing CNBG - BBIBP-CorV:Gamaleya - Sputnik V:Pfizer BioNTech - Comirnaty:SII - Covishield
8,8,Argentina,ARG,AMRO,REPORTING,27/8/21,40961189,27606176.0,90.631,61.081,13355013.0,29.549,29/12/20,5.0,AstraZeneca,BBIBP-CorV,Sputnik V,Moderna,AstraZeneca,,,,,AstraZeneca - Vaxzevria:Beijing CNBG - BBIBP-CorV:Gamaleya - Sputnik V:Moderna - mRNA-1273:SII - Covishield
9,9,Armenia,ARM,EURO,OWID,29/8/21,275138,176552.0,9.285,5.958,98586.0,3.327,,3.0,AstraZeneca, Sinovac - CoronaVac, Gamaleya - Sputnik V,,,,,,,AstraZeneca - AZD1222: Sinovac - CoronaVac: Gamaleya - Sputnik V
10,10,Aruba,ABW,AMRO,REPORTING,27/8/21,147211,78245.0,137.882,73.286,68966.0,64.595,17/2/21,2.0,Janssen,Pfizer,,,,,,,,Janssen - Ad26.COV 2.5:Pfizer BioNTech - Comirnaty
11,11,Australia,AUS,WPRO,REPORTING,30/8/21,19362666,12106618.0,75.932,47.477,7222529.0,28.324,21/2/21,3.0,AstraZeneca,Novavax - Covavax,Pfizer,,,,,,,AstraZeneca - Vaxzevria:Novavax - Covavax:Pfizer BioNTech - Comirnaty
12,12,Austria,AUT,EURO,OWID,31/8/21,10456753,5506238.0,117.478,61.86,5206024.0,58.488,,4.0,Janssen, Moderna - mRNA-1273, AstraZeneca - AZD1222, Pfizer BioNTech - Comirnaty,,,,,,Janssen - Ad26.COV 2.5: Moderna - mRNA-1273: AstraZeneca - AZD1222: Pfizer BioNTech - Comirnaty
13,13,Azerbaijan,AZE,EURO,OWID,31/8/21,6805740,4113716.0,67.123,40.572,2692024.0,26.551,,3.0,AstraZeneca, Sinovac - CoronaVac, Gamaleya - Sputnik V,,,,,,,AstraZeneca - AZD1222: Sinovac - CoronaVac: Gamaleya - Sputnik V
14,14,Bahamas,BHS,AMRO,REPORTING,27/8/21,129017,76174.0,32.808,19.371,52843.0,13.438,14/3/21,3.0,AstraZeneca,Pfizer,AstraZeneca,,,,,,,AstraZeneca - Vaxzevria:Pfizer BioNTech - Comirnaty:SII - Covishield
15,15,Bahrain,BHR,EMRO,REPORTING,31/8/21,2489109,1146939.0,146.283,67.405,1088446.0,63.967,4/11/20,7.0,AstraZeneca,BBIBP-CorV,Sputnik V,Janssen,Moderna,Pfizer,AstraZeneca,,,AstraZeneca - Vaxzevria:Beijing CNBG - BBIBP-CorV:Gamaleya - Sputnik V:Janssen - Ad26.COV 2.5:Moderna - mRNA-1273:Pfizer BioNTech - Comirnaty:SII - Covishield
16,16,Bangladesh,BGD,SEARO,REPORTING,31/8/21,26535211,18489742.0,16.112,11.227,8045469.0,4.885,27/1/21,8.0,AstraZeneca,BBIBP-CorV,Sputnik V,Janssen,Moderna,Pfizer,AstraZeneca,Sinovac - CoronaVac,,AstraZeneca - Vaxzevria:Beijing CNBG - BBIBP-CorV:Gamaleya - Sputnik V:Janssen - Ad26.COV 2.5:Moderna - mRNA-1273:Pfizer BioNTech - Comirnaty:SII - Covishield:Sinovac - CoronaVac
17,17,Barbados,BRB,AMRO,REPORTING,27/8/21,198370,105664.0,69.028,36.769,92706.0,32.26,10/2/21,4.0,AstraZeneca,BBIBP-CorV,Pfizer,AstraZeneca,,,,,,AstraZeneca - Vaxzevria:Beijing CNBG - BBIBP-CorV:Pfizer BioNTech - Comirnaty:SII - Covishield
18,18,Belarus,BLR,EURO,OWID,22/8/21,2833242,1561907.0,29.984,16.529,1271335.0,13.454,,2.0,BBIBP-CorV, Gamaleya - Sputnik V,,,,,,,,Beijing CNBG - Inactivated: Gamaleya - Sputnik V
19,19,Belgium,BEL,EURO,OWID,31/8/21,16197854,8423281.0,140.577,73.103,8131124.0,70.568,,4.0,Janssen, Moderna - mRNA-1273, AstraZeneca - AZD1222, Pfizer BioNTech - Comirnaty,,,,,,Janssen - Ad26.COV 2.5: Moderna - mRNA-1273: AstraZeneca - AZD1222: Pfizer BioNTech - Comirnaty
20,20,Belize,BLZ,AMRO,REPORTING,27/8/21,225615,158764.0,56.74,39.928,66851.0,16.812,1/3/21,4.0,AstraZeneca,BBIBP-CorV,Pfizer,AstraZeneca,,,,,,AstraZeneca - Vaxzevria:Beijing CNBG - BBIBP-CorV:Pfizer BioNTech - Comirnaty:SII - Covishield
21,21,Benin,BEN,AFRO,REPORTING,1/9/21,152699,56951.0,1.26,0.47,95748.0,0.79,29/3/21,2.0,AstraZeneca,Sinovac - CoronaVac,,,,,,,,SII - Covishield:Sinovac - CoronaVac
22,22,Bermuda,BMU,AMRO,REPORTING,27/8/21,84748,42826.0,136.091,68.771,41922.0,67.32,11/1/21,2.0,AstraZeneca,Pfizer,,,,,,,,AstraZeneca - Vaxzevria:Pfizer BioNTech - Comirnaty
23,23,Bhutan,BTN,SEARO,REPORTING,30/8/21,1045074,567143.0,135.441,73.501,477931.0,61.94,27/3/21,5.0,AstraZeneca,BBIBP-CorV,Moderna,Pfizer,AstraZeneca,,,,,AstraZeneca - Vaxzevria:Beijing CNBG - BBIBP-CorV:Moderna - mRNA-1273:Pfizer BioNTech - Comirnaty:SII - Covishield
24,24,Bolivia (Plurinational State of),BOL,AMRO,REPORTING,27/8/21,5674777,3769324.0,48.614,32.291,2522944.0,21.613,30/1/21,5.0,BBIBP-CorV,Sputnik V,Janssen,Pfizer,AstraZeneca,,,,,Beijing CNBG - BBIBP-CorV:Gamaleya - Sputnik V:Janssen - Ad26.COV 2.5:Pfizer BioNTech - Comirnaty:SII - Covishield
25,25,Bonaire,XAA,AMRO,REPORTING,27/8/21,28978,15473.0,138.551,73.98,13505.0,64.571,,,,,,,,,,,,
26,26,"Bonaire, Sint Eustatius and Saba",BES,AMRO,REPORTING,9/4/21,7391,5726.0,28.441,22.034,2965.0,11.41,22/2/21,2.0,Moderna,Pfizer,,,,,,,,Moderna - mRNA-1273:Pfizer BioNTech - Comirnaty
27,27,Bosnia and Herzegovina,BIH,EURO,OWID,18/8/21,928126,567198.0,28.289,17.288,360928.0,11.001,,4.0,AstraZeneca, Pfizer BioNTech - Comirnaty, Sinovac - CoronaVac, Gamaleya - Sputnik V,,,,,,AstraZeneca - AZD1222: Pfizer BioNTech - Comirnaty: Sinovac - CoronaVac: Gamaleya - Sputnik V
28,28,Botswana,BWA,AFRO,REPORTING,1/9/21,379684,379526.0,16.146,16.139,318272.0,13.534,26/3/21,4.0,Moderna,Pfizer,AstraZeneca,Sinovac - CoronaVac,,,,,,Moderna - mRNA-1273:Pfizer BioNTech - Comirnaty:SII - Covishield:Sinovac - CoronaVac
29,29,Brazil,BRA,AMRO,REPORTING,27/8/21,177094781,126221786.0,83.315,59.382,55281985.0,26.008,17/1/21,5.0,AstraZeneca,Janssen,Pfizer,AstraZeneca,Sinovac - CoronaVac,,,,,AstraZeneca - Vaxzevria:Janssen - Ad26.COV 2.5:Pfizer BioNTech - Comirnaty:SII - Covishield:Sinovac - CoronaVac
30,30,British Virgin Islands,VGB,AMRO,REPORTING,27/8/21,29828,17095.0,98.647,56.537,12733.0,42.111,11/2/21,2.0,AstraZeneca,Janssen,,,,,,,,AstraZeneca - Vaxzevria:Janssen - Ad26.COV 2.5
31,31,Brunei Darussalam,BRN,WPRO,REPORTING,27/8/21,294387,210479.0,67.292,48.112,83908.0,19.18,3/4/21,5.0,AstraZeneca,BBIBP-CorV,Janssen,Moderna,Pfizer,,,,,AstraZeneca - Vaxzevria:Beijing CNBG - BBIBP-CorV:Janssen - Ad26.COV 2.5:Moderna - mRNA-1273:Pfizer BioNTech - Comirnaty
32,32,Bulgaria,BGR,EURO,OWID,31/8/21,2312605,,33.268,,1172184.0,16.862,,4.0,Janssen, Moderna - mRNA-1273, AstraZeneca - AZD1222, Pfizer BioNTech - Comirnaty,,,,,,Janssen - Ad26.COV 2.5: Moderna - mRNA-1273: AstraZeneca - AZD1222: Pfizer BioNTech - Comirnaty
33,33,Burkina Faso,BFA,AFRO,REPORTING,31/8/21,108799,108799.0,0.52,0.52,13273.0,0.063,2/6/21,1.0,AstraZeneca,,,,,,,,,SII - Covishield
34,34,Cabo Verde,CPV,AFRO,REPORTING,31/8/21,309001,236158.0,55.577,42.475,72843.0,13.102,18/3/21,2.0,Pfizer,AstraZeneca,,,,,,,,Pfizer BioNTech - Comirnaty:SII - Covishield
35,35,Cambodia,KHM,WPRO,REPORTING,27/8/21,18337332,10308435.0,109.68,61.657,8275430.0,49.497,10/2/21,5.0,AstraZeneca,BBIBP-CorV,Janssen,AstraZeneca,Sinovac - CoronaVac,,,,,AstraZeneca - Vaxzevria:Beijing CNBG - BBIBP-CorV:Janssen - Ad26.COV 2.5:SII - Covishield:Sinovac - CoronaVac
36,36,Cameroon,CMR,AFRO,REPORTING,30/8/21,428255,349385.0,1.613,1.316,78870.0,0.297,12/4/21,2.0,BBIBP-CorV,AstraZeneca,,,,,,,,Beijing CNBG - BBIBP-CorV:SII - Covishield
37,37,Canada,CAN,AMRO,REPORTING,27/8/21,52933914,27785566.0,140.251,73.619,25148348.0,66.632,14/12/20,3.0,Moderna,Pfizer,AstraZeneca,,,,,,,Moderna - mRNA-1273:Pfizer BioNTech - Comirnaty:SII - Covishield
38,38,Cayman Islands,CYM,AMRO,REPORTING,27/8/21,100362,51175.0,152.712,77.868,49187.0,74.843,15/1/21,1.0,Pfizer,,,,,,,,,Pfizer BioNTech - Comirnaty
39,39,Central African Republic,CAF,AFRO,REPORTING,25/8/21,108895,77771.0,2.255,1.61,26000.0,0.538,19/3/21,2.0,Covaxin,AstraZeneca,,,,,,,,Bharat - Covaxin:SII - Covishield
40,40,Chad,TCD,AFRO,REPORTING,30/8/21,55598,40329.0,0.338,0.246,15269.0,0.093,4/6/21,1.0,BBIBP-CorV,,,,,,,,,Beijing CNBG - BBIBP-CorV
41,41,Chile,CHL,AMRO,REPORTING,27/8/21,26987084,13654465.0,141.174,71.429,12817333.0,67.05,21/12/20,4.0,AstraZeneca,CanSino - Ad5-nCOV,Pfizer,Sinovac - CoronaVac,,,,,,AstraZeneca - Vaxzevria:CanSino - Ad5-nCOV:Pfizer BioNTech - Comirnaty:Sinovac - CoronaVac
42,42,China,CHN,WPRO,REPORTING,28/8/21,2040871973,,138.713,,889940000.0,,6/3/21,6.0,ZF2001,BBIBP-CorV,CanSino - Ad5-nCOV,Pfizer,Sinovac - CoronaVac,Wuhan CNBG - Inactivated,,,,Anhui ZL - Recombinant:Beijing CNBG - BBIBP-CorV:CanSino - Ad5-nCOV:Pfizer BioNTech - Comirnaty:Sinovac - CoronaVac:Wuhan CNBG - Inactivated
43,43,Colombia,COL,AMRO,REPORTING,27/8/21,34247170,22531555.0,67.306,44.281,14448771.0,28.396,17/2/21,5.0,AstraZeneca,Janssen,Moderna,Pfizer,Sinovac - CoronaVac,,,,,AstraZeneca - Vaxzevria:Janssen - Ad26.COV 2.5:Moderna - mRNA-1273:Pfizer BioNTech - Comirnaty:Sinovac - CoronaVac
44,44,Comoros,COM,AFRO,REPORTING,27/8/21,277419,175038.0,31.902,20.129,102389.0,11.774,10/4/21,3.0,BBIBP-CorV,Covaxin,AstraZeneca,,,,,,,Beijing CNBG - BBIBP-CorV:Bharat - Covaxin:SII - Covishield
45,45,Congo,COG,AFRO,REPORTING,1/9/21,179746,81514.0,3.257,1.477,98232.0,1.78,23/3/21,4.0,BBIBP-CorV,Sputnik V,Moderna,AstraZeneca,,,,,,Beijing CNBG - BBIBP-CorV:Gamaleya - Sputnik V:Moderna - mRNA-1273:SII - Covishield
46,46,Cook Islands,COK,WPRO,REPORTING,3/8/21,21761,11416.0,123.895,64.997,10345.0,58.899,17/5/21,1.0,Pfizer,,,,,,,,,Pfizer BioNTech - Comirnaty
47,47,Costa Rica,CRI,AMRO,REPORTING,27/8/21,4033022,3029514.0,79.17,59.471,1003508.0,19.699,24/12/20,2.0,AstraZeneca,Pfizer,,,,,,,,AstraZeneca - Vaxzevria:Pfizer BioNTech - Comirnaty
48,48,Côte d’Ivoire,CIV,AFRO,REPORTING,27/8/21,1307791,1058874.0,4.958,4.014,248917.0,0.944,1/3/21,3.0,BBIBP-CorV,Sputnik V,AstraZeneca,,,,,,,Beijing CNBG - BBIBP-CorV:Gamaleya - Sputnik V:SII - Covishield
49,49,Croatia,HRV,EURO,OWID,30/8/21,3264851,1723136.0,80.451,42.461,1611262.0,39.704,,3.0,Moderna, AstraZeneca - AZD1222, Pfizer BioNTech - Comirnaty,,,,,,,Moderna - mRNA-1273: AstraZeneca - AZD1222: Pfizer BioNTech - Comirnaty
50,50,Cuba,CUB,AMRO,REPORTING,27/8/21,12958755,5288125.0,114.41,46.688,4498744.0,39.718,,2.0,Abdala, Soberana02,,,,,,,,Abdala: Soberana0
51,51,Curaçao,CUW,AMRO,REPORTING,27/8/21,181272,95525.0,110.469,58.214,85747.0,52.255,24/2/21,3.0,AstraZeneca,Moderna,Pfizer,,,,,,,AstraZeneca - Vaxzevria:Moderna - mRNA-1273:Pfizer BioNTech - Comirnaty
52,52,Cyprus,CYP,EURO,OWID,30/8/21,1094400,573924.0,123.243,64.631,520476.0,58.612,,4.0,Janssen, Moderna - mRNA-1273, AstraZeneca - AZD1222, Pfizer BioNTech - Comirnaty,,,,,,Janssen - Ad26.COV 2.5: Moderna - mRNA-1273: AstraZeneca - AZD1222: Pfizer BioNTech - Comirnaty
53,53,Czechia,CZE,EURO,OWID,31/8/21,11476040,5946048.0,107.313,55.602,5730483.0,53.586,,4.0,Janssen, Moderna - mRNA-1273, AstraZeneca - AZD1222, Pfizer BioNTech - Comirnaty,,,,,,Janssen - Ad26.COV 2.5: Moderna - mRNA-1273: AstraZeneca - AZD1222: Pfizer BioNTech - Comirnaty
54,54,Democratic Republic of the Congo,COD,AFRO,REPORTING,31/8/21,97818,83081.0,0.109,0.093,14737.0,0.016,19/4/21,1.0,AstraZeneca,,,,,,,,,SII - Covishield
55,55,Denmark,DNK,EURO,OWID,31/8/21,8573813,4409415.0,147.246,75.727,4210891.0,72.318,,3.0,Janssen, Moderna - mRNA-1273, Pfizer BioNTech - Comirnaty,,,,,,,Janssen - Ad26.COV 2.5: Moderna - mRNA-1273: Pfizer BioNTech - Comirnaty
56,56,Djibouti,DJI,EMRO,REPORTING,31/8/21,36344,18492.0,3.679,1.872,15217.0,1.54,15/3/21,6.0,BBIBP-CorV,Sputnik V,Janssen,Pfizer,AstraZeneca,Sinovac - CoronaVac,,,,Beijing CNBG - BBIBP-CorV:Gamaleya - Sputnik V:Janssen - Ad26.COV 2.5:Pfizer BioNTech - Comirnaty:SII - Covishield:Sinovac - CoronaVac
57,57,Dominica,DMA,AMRO,REPORTING,27/8/21,41932,21942.0,58.246,30.479,19990.0,27.767,12/2/21,4.0,AstraZeneca,BBIBP-CorV,Pfizer,AstraZeneca,,,,,,AstraZeneca - Vaxzevria:Beijing CNBG - BBIBP-CorV:Pfizer BioNTech - Comirnaty:SII - Covishield
58,58,Dominican Republic,DOM,AMRO,REPORTING,27/8/21,11019655,5776328.0,101.583,53.248,4609868.0,42.495,16/2/21,3.0,AstraZeneca,AstraZeneca,Sinovac - CoronaVac,,,,,,,AstraZeneca - Vaxzevria:SII - Covishield:Sinovac - CoronaVac
59,59,Ecuador,ECU,AMRO,REPORTING,27/8/21,17513775,10053146.0,99.267,56.981,7533965.0,42.702,21/1/21,4.0,AstraZeneca,CanSino - Ad5-nCOV,Pfizer,Sinovac - CoronaVac,,,,,,AstraZeneca - Vaxzevria:CanSino - Ad5-nCOV:Pfizer BioNTech - Comirnaty:Sinovac - CoronaVac
60,60,Egypt,EGY,EMRO,REPORTING,27/8/21,8741005,5616607.0,8.542,5.488,3124398.0,3.053,24/1/21,6.0,AstraZeneca,BBIBP-CorV,Sputnik V,Janssen,Pfizer,Sinovac - CoronaVac,,,,AstraZeneca - Vaxzevria:Beijing CNBG - BBIBP-CorV:Gamaleya - Sputnik V:Janssen - Ad26.COV 2.5:Pfizer BioNTech - Comirnaty:Sinovac - CoronaVac
61,61,El Salvador,SLV,AMRO,REPORTING,27/8/21,6006253,3451270.0,92.6,53.209,2554983.0,39.391,17/2/21,5.0,AstraZeneca,Moderna,Pfizer,AstraZeneca,Sinovac - CoronaVac,,,,,AstraZeneca - Vaxzevria:Moderna - mRNA-1273:Pfizer BioNTech - Comirnaty:SII - Covishield:Sinovac - CoronaVac
62,62,Equatorial Guinea,GNQ,AFRO,REPORTING,30/8/21,348830,198508.0,24.863,14.149,150322.0,10.714,12/2/21,2.0,BBIBP-CorV,Sinovac - CoronaVac,,,,,,,,Beijing CNBG - BBIBP-CorV:Sinovac - CoronaVac
63,63,Estonia,EST,EURO,OWID,31/8/21,1273351,727804.0,95.814,54.764,545547.0,41.05,,4.0,Janssen, Moderna - mRNA-1273, AstraZeneca - AZD1222, Pfizer BioNTech - Comirnaty,,,,,,Janssen - Ad26.COV 2.5: Moderna - mRNA-1273: AstraZeneca - AZD1222: Pfizer BioNTech - Comirnaty
64,64,Eswatini,SWZ,AFRO,REPORTING,30/8/21,195935,167575.0,16.889,14.444,157429.0,13.57,19/3/21,1.0,AstraZeneca,,,,,,,,,SII - Covishield
65,65,Ethiopia,ETH,AFRO,REPORTING,31/8/21,2451950,2037937.0,2.133,1.773,414013.0,0.36,13/3/21,3.0,BBIBP-CorV,Covaxin,AstraZeneca,,,,,,,Beijing CNBG - BBIBP-CorV:Bharat - Covaxin:SII - Covishield
66,66,Falkland Islands (Malvinas),FLK,AMRO,OWID,14/4/21,4407,2632.0,126.529,75.567,1775.0,50.962,,1.0,AstraZeneca,,,,,,,,,AstraZeneca - AZD1
67,67,Faroe Islands,FRO,EURO,OWID,31/8/21,71169,36711.0,145.644,75.127,34458.0,70.517,,2.0,Moderna, Pfizer BioNTech - Comirnaty,,,,,,,,Moderna - mRNA-1273: Pfizer BioNTech - Comirnaty
68,68,Fiji,FJI,WPRO,REPORTING,27/8/21,821657,558414.0,91.657,62.292,263243.0,29.365,7/3/21,3.0,AstraZeneca,Moderna,AstraZeneca,,,,,,,AstraZeneca - Vaxzevria:Moderna - mRNA-1273:SII - Covishield
69,69,Finland,FIN,EURO,OWID,31/8/21,6827041,4022419.0,123.56,72.8,2804622.0,50.76,,3.0,Moderna, AstraZeneca - AZD1222, Pfizer BioNTech - Comirnaty,,,,,,,Moderna - mRNA-1273: AstraZeneca - AZD1222: Pfizer BioNTech - Comirnaty
70,70,France,FRA,EURO,OWID,30/8/21,87425776,48390209.0,134.42,74.401,40038951.0,61.561,,4.0,Janssen, Moderna - mRNA-1273, AstraZeneca - AZD1222, Pfizer BioNTech - Comirnaty,,,,,,Janssen - Ad26.COV 2.5: Moderna - mRNA-1273: AstraZeneca - AZD1222: Pfizer BioNTech - Comirnaty
71,71,French Guiana,GUF,AMRO,REPORTING,27/8/21,122564,71053.0,41.035,23.789,51511.0,17.246,,,,,,,,,,,,
72,72,French Polynesia,PYF,WPRO,REPORTING,30/8/21,244136,137989.0,86.91,49.122,106147.0,37.787,18/1/21,2.0,Janssen,Pfizer,,,,,,,,Janssen - Ad26.COV 2.5:Pfizer BioNTech - Comirnaty
73,73,Gabon,GAB,AFRO,REPORTING,30/8/21,127757,74720.0,5.74,3.357,53037.0,2.383,23/3/21,1.0,BBIBP-CorV,,,,,,,,,Beijing CNBG - BBIBP-CorV
74,74,Gambia,GMB,AFRO,REPORTING,26/8/21,189196,35711.0,7.829,1.478,154657.0,6.4,10/3/21,2.0,BBIBP-CorV,AstraZeneca,,,,,,,,Beijing CNBG - BBIBP-CorV:SII - Covishield
75,75,Georgia,GEO,EURO,OWID,31/8/21,1210746,802083.0,30.351,20.106,408663.0,10.244,,4.0,AstraZeneca, Pfizer BioNTech - Comirnaty, Beijing CNBG - Inactivated, Sinovac - CoronaVac,,,,,,AstraZeneca - AZD1222: Pfizer BioNTech - Comirnaty: Beijing CNBG - Inactivated: Sinovac - CoronaVac
76,76,Germany,DEU,EURO,OWID,31/8/21,101881571,54297654.0,122.503,65.288,50431730.0,60.639,,4.0,Janssen, Moderna - mRNA-1273, AstraZeneca - AZD1222, Pfizer BioNTech - Comirnaty,,,,,,Janssen - Ad26.COV 2.5: Moderna - mRNA-1273: AstraZeneca - AZD1222: Pfizer BioNTech - Comirnaty
77,77,Ghana,GHA,AFRO,REPORTING,23/8/21,1271393,865422.0,4.092,2.785,405971.0,1.307,2/3/21,2.0,Sputnik V,AstraZeneca,,,,,,,,Gamaleya - Sputnik V:SII - Covishield
78,78,Gibraltar,GIB,EURO,OWID,28/8/21,78854,39629.0,234.051,117.625,39225.0,116.426,,1.0,Pfizer,,,,,,,,,Pfizer BioNTech - Comirnaty
79,79,Greece,GRC,EURO,OWID,31/8/21,11408609,6056183.0,106.438,56.502,5738106.0,53.534,,4.0,Janssen, Moderna - mRNA-1273, AstraZeneca - AZD1222, Pfizer BioNTech - Comirnaty,,,,,,Janssen - Ad26.COV 2.5: Moderna - mRNA-1273: AstraZeneca - AZD1222: Pfizer BioNTech - Comirnaty
80,80,Greenland,GRL,EURO,OWID,30/8/21,72589,39878.0,127.861,70.242,32711.0,57.618,,1.0,Moderna,,,,,,,,,Moderna - mRNA-1273
81,81,Grenada,GRD,AMRO,REPORTING,27/8/21,42484,23965.0,37.756,21.298,18519.0,16.458,15/2/21,2.0,AstraZeneca,AstraZeneca,,,,,,,,AstraZeneca - Vaxzevria:SII - Covishield
82,82,Guadeloupe,GLP,AMRO,REPORTING,27/8/21,170272,104132.0,42.555,26.025,65976.0,16.489,8/1/21,5.0,AstraZeneca,Moderna,Pfizer,,,,,,,AstraZeneca - Vaxzevria:Moderna - mRNA-1273:Pfizer BioNTech - Comirnaty
83,83,Guam,GUM,WPRO,REPORTING,20/8/21,205853,111041.0,121.969,65.792,101057.0,59.877,4/1/21,3.0,Janssen,Moderna,Pfizer,,,,,,,Janssen - Ad26.COV 2.5:Moderna - mRNA-1273:Pfizer BioNTech - Comirnaty
84,84,Guatemala,GTM,AMRO,REPORTING,27/8/21,4124813,3142517.0,23.024,17.541,982296.0,5.483,25/2/21,5.0,AstraZeneca,Sputnik V,Moderna,Pfizer,AstraZeneca,,,,,AstraZeneca - Vaxzevria:Gamaleya - Sputnik V:Moderna - mRNA-1273:Pfizer BioNTech - Comirnaty:SII - Covishield
85,85,Guernsey,GGY,EURO,OWID,27/8/21,99443,,154.252,,,,,3.0,Moderna, AstraZeneca - AZD1222, Pfizer BioNTech - Comirnaty,,,,,,,Moderna - mRNA-1273: AstraZeneca - AZD1222: Pfizer BioNTech - Comirnaty
86,86,Guinea,GIN,AFRO,REPORTING,1/9/21,1199686,810215.0,9.135,6.169,389471.0,2.966,5/3/21,6.0,BBIBP-CorV,Sputnik V,Janssen,Pfizer,AstraZeneca,Sinovac - CoronaVac,,,,Beijing CNBG - BBIBP-CorV:Gamaleya - Sputnik V:Janssen - Ad26.COV 2.5:Pfizer BioNTech - Comirnaty:SII - Covishield:Sinovac - CoronaVac
87,87,Guinea-Bissau,GNB,AFRO,REPORTING,23/8/21,31090,28097.0,1.58,1.428,2993.0,0.152,2/4/21,2.0,BBIBP-CorV,AstraZeneca,,,,,,,,Beijing CNBG - BBIBP-CorV:SII - Covishield
88,88,Guyana,GUY,AMRO,REPORTING,27/8/21,468218,308758.0,59.528,39.255,159460.0,20.273,11/2/21,5.0,AstraZeneca,BBIBP-CorV,Sputnik V,Moderna,AstraZeneca,,,,,AstraZeneca - Vaxzevria:Beijing CNBG - BBIBP-CorV:Gamaleya - Sputnik V:Moderna - mRNA-1273:SII - Covishield
89,89,Haiti,HTI,AMRO,REPORTING,27/8/21,31698,27305.0,0.278,0.239,4734.0,0.042,,2.0,Janssen,Moderna,,,,,,,,Janssen - Ad26.COV 2.5:Moderna - mRNA-1273
90,90,Honduras,HND,AMRO,REPORTING,27/8/21,3205881,2137915.0,32.368,21.585,1068341.0,10.786,26/2/21,6.0,AstraZeneca,Sputnik V,Janssen,Moderna,Pfizer,AstraZeneca,,,,AstraZeneca - Vaxzevria:Gamaleya - Sputnik V:Janssen - Ad26.COV 2.5:Moderna - mRNA-1273:Pfizer BioNTech - Comirnaty:SII - Covishield
91,91,Hungary,HUN,EURO,OWID,31/8/21,11603140,5772010.0,118.769,59.082,,,,6.0,Janssen, Moderna - mRNA-1273, AstraZeneca - AZD1222, Pfizer BioNTech - Comirnaty, Beijing CNBG - Inactivated, Gamaleya - Sputnik V,,,,Janssen - Ad26.COV 2.5: Moderna - mRNA-1273: AstraZeneca - AZD1222: Pfizer BioNTech - Comirnaty: Beijing CNBG - Inactivated: Gamaleya - Sputnik V
92,92,Iceland,ISL,EURO,OWID,31/8/21,527448,279365.0,144.85,76.72,263695.0,72.417,,4.0,Janssen, Moderna - mRNA-1273, AstraZeneca - AZD1222, Pfizer BioNTech - Comirnaty,,,,,,Janssen - Ad26.COV 2.5: Moderna - mRNA-1273: AstraZeneca - AZD1222: Pfizer BioNTech - Comirnaty
93,93,India,IND,SEARO,REPORTING,31/8/21,651214767,500903929.0,47.189,36.297,150310838.0,10.892,16/1/21,5.0,Covaxin,Sputnik V,Janssen,Moderna,AstraZeneca,,,,,Bharat - Covaxin:Gamaleya - Sputnik V:Janssen - Ad26.COV 2.5:Moderna - mRNA-1273:SII - Covishield
94,94,Indonesia,IDN,SEARO,REPORTING,31/8/21,99493105,63457676.0,36.375,23.2,36035429.0,13.175,13/1/21,5.0,AstraZeneca,BBIBP-CorV,Moderna,Pfizer,Sinovac - CoronaVac,,,,,AstraZeneca - Vaxzevria:Beijing CNBG - BBIBP-CorV:Moderna - mRNA-1273:Pfizer BioNTech - Comirnaty:Sinovac - CoronaVac
95,95,Iran (Islamic Republic of),IRN,EMRO,REPORTING,30/8/21,27057253,18611135.0,32.214,22.158,8446118.0,10.056,9/2/21,4.0,AstraZeneca,BBIBP-CorV,Covaxin,Sputnik V,,,,,,AstraZeneca - Vaxzevria:Beijing CNBG - BBIBP-CorV:Bharat - Covaxin:Gamaleya - Sputnik V
96,96,Iraq,IRQ,EMRO,REPORTING,1/9/21,3504509,699325.0,8.713,1.739,388541.0,0.966,2/3/21,4.0,AstraZeneca,BBIBP-CorV,Sputnik V,Pfizer,,,,,,AstraZeneca - Vaxzevria:Beijing CNBG - BBIBP-CorV:Gamaleya - Sputnik V:Pfizer BioNTech - Comirnaty
97,97,Ireland,IRL,EURO,OWID,31/8/21,6836122,3688438.0,137.702,74.297,3380284.0,68.09,,4.0,Janssen, Moderna - mRNA-1273, AstraZeneca - AZD1222, Pfizer BioNTech - Comirnaty,,,,,,Janssen - Ad26.COV 2.5: Moderna - mRNA-1273: AstraZeneca - AZD1222: Pfizer BioNTech - Comirnaty
98,98,Isle of Man,IMN,EURO,OWID,31/8/21,127589,65118.0,150.048,76.581,62471.0,73.468,,2.0,AstraZeneca, Pfizer BioNTech - Comirnaty,,,,,,,,AstraZeneca - AZD1222: Pfizer BioNTech - Comirnaty
99,99,Israel,ISR,EURO,OWID,31/8/21,13742912,5987239.0,158.776,69.172,5488697.0,63.413,,2.0,Moderna, Pfizer BioNTech - Comirnaty,,,,,,,,Moderna - mRNA-1273: Pfizer BioNTech - Comirnaty
100,100,Italy,ITA,EURO,OWID,31/8/21,77840987,42609377.0,130.515,71.443,36668590.0,61.482,,4.0,Janssen, Moderna - mRNA-1273, AstraZeneca - AZD1222, Pfizer BioNTech - Comirnaty,,,,,,Janssen - Ad26.COV 2.5: Moderna - mRNA-1273: AstraZeneca - AZD1222: Pfizer BioNTech - Comirnaty
101,101,Jamaica,JAM,AMRO,REPORTING,27/8/21,496976,357938.0,16.783,12.088,140372.0,4.74,10/3/21,3.0,AstraZeneca,Janssen,AstraZeneca,,,,,,,AstraZeneca - Vaxzevria:Janssen - Ad26.COV 2.5:SII - Covishield
102,102,Japan,JPN,WPRO,REPORTING,29/8/21,127420574,70699480.0,100.746,55.899,56721094.0,44.847,17/2/21,4.0,AstraZeneca,Moderna,Novavax - Covavax,Pfizer,,,,,,AstraZeneca - Vaxzevria:Moderna - mRNA-1273:Novavax - Covavax:Pfizer BioNTech - Comirnaty
103,103,Jersey,JEY,EURO,OWID,22/8/21,147643,75860.0,136.965,70.374,71783.0,66.592,,3.0,Moderna, AstraZeneca - AZD1222, Pfizer BioNTech - Comirnaty,,,,,,,Moderna - mRNA-1273: AstraZeneca - AZD1222: Pfizer BioNTech - Comirnaty
104,104,Jordan,JOR,EMRO,REPORTING,31/8/21,6406079,3462502.0,62.785,33.936,2943577.0,28.85,13/1/21,6.0,AstraZeneca,BBIBP-CorV,Sputnik V,Janssen,Moderna,Pfizer,,,,AstraZeneca - Vaxzevria:Beijing CNBG - BBIBP-CorV:Gamaleya - Sputnik V:Janssen - Ad26.COV 2.5:Moderna - mRNA-1273:Pfizer BioNTech - Comirnaty
105,105,Kazakhstan,KAZ,EURO,OWID,31/8/21,11995502,6629678.0,63.885,35.308,5365824.0,28.577,,3.0,QazVac, Sinopharm/HayatVax, Gamaleya - Sputnik V,,,,,,,QazVac: Sinopharm/HayatVax: Gamaleya - Sputnik V
106,106,Kenya,KEN,AFRO,REPORTING,30/8/21,2752266,1949340.0,5.118,3.625,802926.0,1.493,5/3/21,1.0,AstraZeneca,,,,,,,,,SII - Covishield
107,107,Kiribati,KIR,WPRO,REPORTING,26/8/21,24229,19589.0,20.284,16.399,4640.0,3.885,26/5/21,1.0,AstraZeneca,,,,,,,,,AstraZeneca - Vaxzevria
108,108,Kosovo,XKX,EURO,OWID,29/8/21,808078,538766.0,45.002,30.004,269312.0,14.998,,1.0,AstraZeneca,,,,,,,,,AstraZeneca - AZD1
109,109,Kuwait,KWT,EMRO,REPORTING,4/8/21,2380000,,55.73,,,,28/12/20,5.0,AstraZeneca,BBIBP-CorV,Janssen,Moderna,Pfizer,,,,,AstraZeneca - Vaxzevria:Beijing CNBG - BBIBP-CorV:Janssen - Ad26.COV 2.5:Moderna - mRNA-1273:Pfizer BioNTech - Comirnaty
110,110,Kyrgyzstan,KGZ,EURO,OWID,31/8/21,1141442,685629.0,17.496,10.509,453130.0,6.945,,2.0,BBIBP-CorV, Gamaleya - Sputnik V,,,,,,,,Beijing CNBG - Inactivated: Gamaleya - Sputnik V
111,111,Lao People's Democratic Republic,LAO,WPRO,REPORTING,20/8/21,3044669,2060418.0,41.848,28.32,1644691.0,22.606,25/11/20,7.0,AstraZeneca,BBIBP-CorV,Sputnik V,Janssen,Pfizer,AstraZeneca,Sinovac - CoronaVac,,,AstraZeneca - Vaxzevria:Beijing CNBG - BBIBP-CorV:Gamaleya - Sputnik V:Janssen - Ad26.COV 2.5:Pfizer BioNTech - Comirnaty:SII - Covishield:Sinovac - CoronaVac
112,112,Latvia,LVA,EURO,OWID,31/8/21,1507752,859074.0,79.036,45.033,761905.0,39.939,,4.0,Janssen, Moderna - mRNA-1273, AstraZeneca - AZD1222, Pfizer BioNTech - Comirnaty,,,,,,Janssen - Ad26.COV 2.5: Moderna - mRNA-1273: AstraZeneca - AZD1222: Pfizer BioNTech - Comirnaty
113,113,Lebanon,LBN,EMRO,REPORTING,31/8/21,2413893,1341443.0,35.366,19.654,1071101.0,15.693,14/2/21,4.0,AstraZeneca,BBIBP-CorV,Sputnik V,Pfizer,,,,,,AstraZeneca - Vaxzevria:Beijing CNBG - BBIBP-CorV:Gamaleya - Sputnik V:Pfizer BioNTech - Comirnaty
114,114,Lesotho,LSO,AFRO,REPORTING,28/8/21,201795,40911.0,9.42,1.91,32181.0,1.502,10/3/21,1.0,AstraZeneca,,,,,,,,,SII - Covishield
115,115,Liberia,LBR,AFRO,REPORTING,23/8/21,113680,104545.0,2.248,2.067,27392.0,0.542,1/4/21,1.0,AstraZeneca,,,,,,,,,SII - Covishield
116,116,Libya,LBY,EMRO,REPORTING,26/8/21,1031060,951010.0,15.005,13.84,80050.0,1.165,11/4/21,7.0,AstraZeneca,BBIBP-CorV,Sputnik V,Janssen,Moderna,Pfizer,Sinovac - CoronaVac,,,AstraZeneca - Vaxzevria:Beijing CNBG - BBIBP-CorV:Gamaleya - Sputnik V:Janssen - Ad26.COV 2.5:Moderna - mRNA-1273:Pfizer BioNTech - Comirnaty:Sinovac - CoronaVac
117,117,Liechtenstein,LIE,OTHER,OWID,31/8/21,43139,22920.0,111.335,59.153,20483.0,52.863,,2.0,Moderna, Pfizer BioNTech - Comirnaty,,,,,,,,Moderna - mRNA-1273: Pfizer BioNTech - Comirnaty
118,118,Lithuania,LTU,EURO,OWID,31/8/21,3167351,1659396.0,113.359,59.389,1507955.0,53.969,,4.0,Janssen, Moderna - mRNA-1273, AstraZeneca - AZD1222, Pfizer BioNTech - Comirnaty,,,,,,Janssen - Ad26.COV 2.5: Moderna - mRNA-1273: AstraZeneca - AZD1222: Pfizer BioNTech - Comirnaty
119,119,Luxembourg,LUX,EURO,OWID,31/8/21,763335,407226.0,121.917,65.041,356109.0,56.877,,3.0,Moderna, AstraZeneca - AZD1222, Pfizer BioNTech - Comirnaty,,,,,,,Moderna - mRNA-1273: AstraZeneca - AZD1222: Pfizer BioNTech - Comirnaty
120,120,Madagascar,MDG,AFRO,REPORTING,22/6/21,197001,197001.0,0.711,0.711,,,10/5/21,1.0,AstraZeneca,,,,,,,,,SII - Covishield
121,121,Malawi,MWI,AFRO,REPORTING,31/8/21,943766,672740.0,4.933,3.517,410484.0,2.146,11/3/21,1.0,AstraZeneca,,,,,,,,,SII - Covishield
122,122,Malaysia,MYS,WPRO,REPORTING,27/8/21,66014299,18948648.0,203.962,58.545,14095554.0,43.55,24/2/21,5.0,AstraZeneca,CanSino - Ad5-nCOV,Sputnik V,Pfizer,Sinovac - CoronaVac,,,,,AstraZeneca - Vaxzevria:CanSino - Ad5-nCOV:Gamaleya - Sputnik V:Pfizer BioNTech - Comirnaty:Sinovac - CoronaVac
123,123,Maldives,MDV,SEARO,REPORTING,30/8/21,685802,383620.0,126.873,70.969,302182.0,55.903,1/2/21,8.0,AstraZeneca,BBIBP-CorV,Sputnik V,Janssen,Moderna,Pfizer,AstraZeneca,Sinovac - CoronaVac,,AstraZeneca - Vaxzevria:Beijing CNBG - BBIBP-CorV:Gamaleya - Sputnik V:Janssen - Ad26.COV 2.5:Moderna - mRNA-1273:Pfizer BioNTech - Comirnaty:SII - Covishield:Sinovac - CoronaVac
124,124,Mali,MLI,AFRO,REPORTING,1/9/21,317060,230583.0,1.566,1.139,86477.0,0.427,31/3/21,1.0,AstraZeneca,,,,,,,,,SII - Covishield
125,125,Malta,MLT,EURO,OWID,30/8/21,796333,413598.0,154.759,80.378,412419.0,80.149,,4.0,Janssen, Moderna - mRNA-1273, AstraZeneca - AZD1222, Pfizer BioNTech - Comirnaty,,,,,,Janssen - Ad26.COV 2.5: Moderna - mRNA-1273: AstraZeneca - AZD1222: Pfizer BioNTech - Comirnaty
126,126,Marshall Islands,MHL,WPRO,REPORTING,20/8/21,37295,20681.0,63.005,34.938,17962.0,30.344,29/12/20,3.0,Janssen,Moderna,Pfizer,,,,,,,Janssen - Ad26.COV 2.5:Moderna - mRNA-1273:Pfizer BioNTech - Comirnaty
127,127,Martinique,MTQ,AMRO,REPORTING,27/8/21,168530,97336.0,44.91,25.938,71194.0,18.972,,1.0,Pfizer,,,,,,,,,Pfizer BioNTech - Comirnaty
128,128,Mauritania,MRT,AFRO,REPORTING,28/8/21,565434,240729.0,12.161,5.177,324705.0,6.983,26/3/21,2.0,BBIBP-CorV,AstraZeneca,,,,,,,,Beijing CNBG - BBIBP-CorV:SII - Covishield
129,129,Mauritius,MUS,AFRO,REPORTING,25/8/21,1483840,787076.0,116.675,61.888,696764.0,54.787,26/1/21,3.0,BBIBP-CorV,Covaxin,AstraZeneca,,,,,,,Beijing CNBG - BBIBP-CorV:Bharat - Covaxin:SII - Covishield
130,130,Mexico,MEX,AMRO,REPORTING,27/8/21,82678717,56925095.0,64.125,44.151,32278249.0,25.035,24/12/20,7.0,AstraZeneca,CanSino - Ad5-nCOV,Sputnik V,Janssen,Moderna,Pfizer,Sinovac - CoronaVac,,,AstraZeneca - Vaxzevria:CanSino - Ad5-nCOV:Gamaleya - Sputnik V:Janssen - Ad26.COV 2.5:Moderna - mRNA-1273:Pfizer BioNTech - Comirnaty:Sinovac - CoronaVac
131,131,Micronesia (Federated States of),FSM,WPRO,REPORTING,20/8/21,62016,39197.0,53.916,34.078,33409.0,29.045,13/1/21,4.0,AstraZeneca,Janssen,Moderna,Pfizer,,,,,,AstraZeneca - Vaxzevria:Janssen - Ad26.COV 2.5:Moderna - mRNA-1273:Pfizer BioNTech - Comirnaty
132,132,Monaco,MCO,EURO,OWID,26/8/21,47882,25930.0,122.011,66.074,21952.0,55.937,,1.0,Pfizer,,,,,,,,,Pfizer BioNTech - Comirnaty
133,133,Mongolia,MNG,WPRO,REPORTING,20/8/21,4282954,2226428.0,130.646,67.914,2051560.0,62.58,23/2/21,6.0,AstraZeneca,BBIBP-CorV,Sputnik V,Moderna,Pfizer,AstraZeneca,,,,AstraZeneca - Vaxzevria:Beijing CNBG - BBIBP-CorV:Gamaleya - Sputnik V:Moderna - mRNA-1273:Pfizer BioNTech - Comirnaty:SII - Covishield
134,134,Montenegro,MNE,EURO,OWID,31/8/21,394420,210591.0,62.8,33.53,183829.0,29.269,,4.0,AstraZeneca, Pfizer BioNTech - Comirnaty, Beijing CNBG - Inactivated, Gamaleya - Sputnik V,,,,,,AstraZeneca - AZD1222: Pfizer BioNTech - Comirnaty: Beijing CNBG - Inactivated: Gamaleya - Sputnik V
135,135,Montserrat,MSR,AMRO,REPORTING,27/8/21,2828,1460.0,56.571,29.206,1368.0,27.365,8/2/21,1.0,AstraZeneca,,,,,,,,,AstraZeneca - Vaxzevria
136,136,Morocco,MAR,EMRO,REPORTING,31/8/21,33319941,18539073.0,90.272,50.227,14780868.0,40.045,28/1/21,4.0,AstraZeneca,BBIBP-CorV,Sputnik V,Janssen,,,,,,AstraZeneca - Vaxzevria:Beijing CNBG - BBIBP-CorV:Gamaleya - Sputnik V:Janssen - Ad26.COV 2.5
137,137,Mozambique,MOZ,AFRO,REPORTING,25/8/21,2297842,1643520.0,7.352,5.258,654322.0,2.093,8/3/21,2.0,BBIBP-CorV,AstraZeneca,,,,,,,,Beijing CNBG - BBIBP-CorV:SII - Covishield
138,138,Myanmar,MMR,SEARO,REPORTING,28/8/21,4683410,2837220.0,8.608,5.215,1846190.0,3.393,27/1/21,2.0,BBIBP-CorV,AstraZeneca,,,,,,,,Beijing CNBG - BBIBP-CorV:SII - Covishield
139,139,Namibia,NAM,AFRO,REPORTING,24/8/21,297066,200517.0,11.691,7.892,96559.0,3.8,19/3/21,2.0,BBIBP-CorV,AstraZeneca,,,,,,,,Beijing CNBG - BBIBP-CorV:SII - Covishield
140,140,Nauru,NRU,WPRO,REPORTING,20/8/21,14790,7612.0,136.515,70.26,7178.0,66.254,9/4/21,2.0,AstraZeneca,AstraZeneca,,,,,,,,AstraZeneca - Vaxzevria:SII - Covishield
141,141,Nepal,NPL,SEARO,REPORTING,30/8/21,9713885,5317483.0,33.339,18.25,4396402.0,15.089,27/1/21,6.0,AstraZeneca,BBIBP-CorV,Covaxin,Sputnik V,Janssen,AstraZeneca,,,,AstraZeneca - Vaxzevria:Beijing CNBG - BBIBP-CorV:Bharat - Covaxin:Gamaleya - Sputnik V:Janssen - Ad26.COV 2.5:SII - Covishield
142,142,Netherlands,NLD,EURO,OWID,29/8/21,21881815,11965985.0,125.703,68.74,10702250.0,61.48,,4.0,Janssen, Moderna - mRNA-1273, AstraZeneca - AZD1222, Pfizer BioNTech - Comirnaty,,,,,,Janssen - Ad26.COV 2.5: Moderna - mRNA-1273: AstraZeneca - AZD1222: Pfizer BioNTech - Comirnaty
143,143,New Caledonia,NCL,WPRO,REPORTING,26/8/21,149641,80691.0,52.414,28.263,68950.0,24.151,20/1/21,1.0,Pfizer,,,,,,,,,Pfizer BioNTech - Comirnaty
144,144,New Zealand,NZL,WPRO,REPORTING,13/8/21,2439089,1541542.0,50.58,31.967,897547.0,18.613,19/2/21,4.0,AstraZeneca,Janssen,Novavax - Covavax,Pfizer,,,,,,AstraZeneca - Vaxzevria:Janssen - Ad26.COV 2.5:Novavax - Covavax:Pfizer BioNTech - Comirnaty
145,145,Nicaragua,NIC,AMRO,REPORTING,27/8/21,645733,443053.0,9.748,6.688,202680.0,3.06,2/3/21,2.0,Sputnik V,AstraZeneca,,,,,,,,Gamaleya - Sputnik V:SII - Covishield
146,146,Niger,NER,AFRO,REPORTING,28/8/21,491738,404246.0,2.031,1.67,87492.0,0.361,29/3/21,2.0,BBIBP-CorV,AstraZeneca,,,,,,,,Beijing CNBG - BBIBP-CorV:SII - Covishield
147,147,Nigeria,NGA,AFRO,REPORTING,31/8/21,4432282,2994933.0,2.15,1.453,1437349.0,0.697,5/3/21,1.0,AstraZeneca,,,,,,,,,SII - Covishield
148,148,Niue,NIU,WPRO,REPORTING,2/8/21,2352,1202.0,145.365,74.289,1150.0,71.075,8/6/21,1.0,Pfizer,,,,,,,,,Pfizer BioNTech - Comirnaty
149,149,North Macedonia,MKD,EURO,OWID,30/8/21,1253612,722579.0,60.172,34.683,531033.0,25.489,,5.0,AstraZeneca, Pfizer BioNTech - Comirnaty, Beijing CNBG - Inactivated, Sinovac - CoronaVac, Gamaleya - Sputnik V,,,,,AstraZeneca - AZD1222: Pfizer BioNTech - Comirnaty: Beijing CNBG - Inactivated: Sinovac - CoronaVac: Gamaleya - Sputnik V
150,150,Northern Mariana Islands (Commonwealth of the),MNP,WPRO,REPORTING,27/8/21,66228,34842.0,115.065,60.535,32128.0,55.819,19/12/20,3.0,Janssen,Moderna,Pfizer,,,,,,,Janssen - Ad26.COV 2.5:Moderna - mRNA-1273:Pfizer BioNTech - Comirnaty
151,151,Norway,NOR,EURO,OWID,31/8/21,6952976,3865248.0,129.537,72.011,3087728.0,57.526,,2.0,Moderna, Pfizer BioNTech - Comirnaty,,,,,,,,Moderna - mRNA-1273: Pfizer BioNTech - Comirnaty
152,152,occupied Palestinian territory,PSE,EMRO,REPORTING,31/8/21,1392299,935756.0,27.292,18.343,456543.0,8.949,2/2/21,7.0,AstraZeneca,BBIBP-CorV,Sputnik V,Janssen,Moderna,Pfizer,Sinovac - CoronaVac,,,AstraZeneca - Vaxzevria:Beijing CNBG - BBIBP-CorV:Gamaleya - Sputnik V:Janssen - Ad26.COV 2.5:Moderna - mRNA-1273:Pfizer BioNTech - Comirnaty:Sinovac - CoronaVac
153,153,Oman,OMN,EMRO,REPORTING,30/8/21,3752420,1550910.0,73.481,30.371,337002.0,6.599,29/12/20,5.0,AstraZeneca,Sputnik V,Pfizer,AstraZeneca,Sinovac - CoronaVac,,,,,AstraZeneca - Vaxzevria:Gamaleya - Sputnik V:Pfizer BioNTech - Comirnaty:SII - Covishield:Sinovac - CoronaVac
154,154,Pakistan,PAK,EMRO,REPORTING,1/9/21,56768446,43791885.0,25.7,19.825,17455249.0,7.902,3/2/21,8.0,BBIBP-CorV,Covaxin,CanSino - Ad5-nCOV,Sputnik V,Moderna,Pfizer,AstraZeneca,Sinovac - CoronaVac,,Beijing CNBG - BBIBP-CorV:Bharat - Covaxin:CanSino - Ad5-nCOV:Gamaleya - Sputnik V:Moderna - mRNA-1273:Pfizer BioNTech - Comirnaty:SII - Covishield:Sinovac - CoronaVac
155,155,Palau,PLW,WPRO,REPORTING,20/8/21,27703,15821.0,153.123,87.447,14110.0,77.99,3/1/21,3.0,Janssen,Moderna,Pfizer,,,,,,,Janssen - Ad26.COV 2.5:Moderna - mRNA-1273:Pfizer BioNTech - Comirnaty
156,156,Panama,PAN,AMRO,REPORTING,27/8/21,4124375,2733279.0,95.587,63.347,1391096.0,32.24,20/1/21,2.0,AstraZeneca,Pfizer,,,,,,,,AstraZeneca - Vaxzevria:Pfizer BioNTech - Comirnaty
157,157,Papua New Guinea,PNG,WPRO,REPORTING,30/8/21,134444,102739.0,1.503,1.148,31705.0,0.354,30/3/21,4.0,AstraZeneca,BBIBP-CorV,Janssen,AstraZeneca,,,,,,AstraZeneca - Vaxzevria:Beijing CNBG - BBIBP-CorV:Janssen - Ad26.COV 2.5:SII - Covishield
158,158,Paraguay,PRY,AMRO,REPORTING,27/8/21,3928259,2266494.0,55.075,31.777,1661765.0,23.298,22/2/21,7.0,AstraZeneca,BBIBP-CorV,Covaxin,Sputnik V,Moderna,Pfizer,Sinovac - CoronaVac,,,AstraZeneca - Vaxzevria:Beijing CNBG - BBIBP-CorV:Bharat - Covaxin:Gamaleya - Sputnik V:Moderna - mRNA-1273:Pfizer BioNTech - Comirnaty:Sinovac - CoronaVac
159,159,Peru,PER,AMRO,REPORTING,27/8/21,17703652,9991296.0,53.693,30.302,7712356.0,23.391,9/2/21,4.0,AstraZeneca,BBIBP-CorV,Pfizer,Wuhan CNBG - Inactivated,,,,,,AstraZeneca - Vaxzevria:Beijing CNBG - BBIBP-CorV:Pfizer BioNTech - Comirnaty:Wuhan CNBG - Inactivated
160,160,Philippines,PHL,WPRO,REPORTING,26/8/21,31950423,21999264.0,29.157,20.076,13509894.0,12.329,1/3/21,9.0,AstraZeneca,BBIBP-CorV,Covaxin,Sputnik V,Janssen,Moderna,Novavax - Covavax,Pfizer,Sinovac - CoronaVac,AstraZeneca - Vaxzevria:Beijing CNBG - BBIBP-CorV:Bharat - Covaxin:Gamaleya - Sputnik V:Janssen - Ad26.COV 2.5:Moderna - mRNA-1273:Novavax - Covavax:Pfizer BioNTech - Comirnaty:Sinovac - CoronaVac
161,161,Pitcairn Islands,PCN,WPRO,REPORTING,22/7/21,73,37.0,146.0,74.0,36.0,72.0,17/5/21,1.0,AstraZeneca,,,,,,,,,AstraZeneca - Vaxzevria
162,162,Poland,POL,EURO,OWID,31/8/21,36286614,19284686.0,95.596,50.805,18787636.0,49.496,,4.0,Janssen, Moderna - mRNA-1273, AstraZeneca - AZD1222, Pfizer BioNTech - Comirnaty,,,,,,Janssen - Ad26.COV 2.5: Moderna - mRNA-1273: AstraZeneca - AZD1222: Pfizer BioNTech - Comirnaty
163,163,Portugal,PRT,EURO,OWID,31/8/21,14689967,8626459.0,142.678,83.785,7510917.0,72.95,,4.0,Janssen, Moderna - mRNA-1273, AstraZeneca - AZD1222, Pfizer BioNTech - Comirnaty,,,,,,Janssen - Ad26.COV 2.5: Moderna - mRNA-1273: AstraZeneca - AZD1222: Pfizer BioNTech - Comirnaty
164,164,Puerto Rico,PRI,AMRO,REPORTING,27/8/21,4178736,2309719.0,146.066,80.735,1990063.0,69.562,,3.0,Janssen,Moderna,Pfizer,,,,,,,Janssen - Ad26.COV 2.5:Moderna - mRNA-1273:Pfizer BioNTech - Comirnaty
165,165,Qatar,QAT,EMRO,REPORTING,31/8/21,4438210,2134729.0,154.048,74.095,1816789.0,63.06,23/12/20,4.0,AstraZeneca,Janssen,Moderna,Pfizer,,,,,,AstraZeneca - Vaxzevria:Janssen - Ad26.COV 2.5:Moderna - mRNA-1273:Pfizer BioNTech - Comirnaty
166,166,Republic of Korea,KOR,WPRO,REPORTING,30/8/21,42048131,28622306.0,82.014,55.828,14602951.0,28.483,26/2/21,5.0,AstraZeneca,Janssen,Moderna,Novavax - Covavax,Pfizer,,,,,AstraZeneca - Vaxzevria:Janssen - Ad26.COV 2.5:Moderna - mRNA-1273:Novavax - Covavax:Pfizer BioNTech - Comirnaty
167,167,Republic of Moldova,MDA,EURO,OWID,31/8/21,1284162,,31.834,,691040.0,17.131,,5.0,Janssen, AstraZeneca - AZD1222, Pfizer BioNTech - Comirnaty, Beijing CNBG - Inactivated, Gamaleya - Sputnik V,,,,,Janssen - Ad26.COV 2.5: AstraZeneca - AZD1222: Pfizer BioNTech - Comirnaty: Beijing CNBG - Inactivated: Gamaleya - Sputnik V
168,168,Romania,ROU,EURO,OWID,31/8/21,9771316,5246235.0,50.553,27.142,5135003.0,26.567,,4.0,Janssen, Moderna - mRNA-1273, AstraZeneca - AZD1222, Pfizer BioNTech - Comirnaty,,,,,,Janssen - Ad26.COV 2.5: Moderna - mRNA-1273: AstraZeneca - AZD1222: Pfizer BioNTech - Comirnaty
169,169,Russian Federation,RUS,EURO,OWID,31/8/21,80244526,43771190.0,54.987,29.994,36473336.0,24.993,,2.0,EpiVacCorona, Gamaleya - Sputnik V,,,,,,,,SRCVB - EpiVacCorona: Gamaleya - Sputnik V
170,170,Rwanda,RWA,AFRO,REPORTING,23/8/21,854194,450856.0,6.595,3.481,403338.0,3.114,14/2/21,3.0,Moderna,Pfizer,AstraZeneca,,,,,,,Moderna - mRNA-1273:Pfizer BioNTech - Comirnaty:SII - Covishield
171,171,Saba,XCA,AMRO,REPORTING,27/8/21,1300,,67.253,,1300.0,67.253,,,,,,,,,,,,
172,172,Saint Helena,SHN,AFRO,OWID,5/5/21,7892,4361.0,129.995,71.833,3531.0,58.162,,1.0,AstraZeneca,,,,,,,,,AstraZeneca - AZD1
173,173,Saint Kitts and Nevis,KNA,AMRO,REPORTING,27/8/21,45327,24208.0,85.214,45.511,21119.0,39.703,22/2/21,3.0,AstraZeneca,Pfizer,AstraZeneca,,,,,,,AstraZeneca - Vaxzevria:Pfizer BioNTech - Comirnaty:SII - Covishield
174,174,Saint Lucia,LCA,AMRO,REPORTING,27/8/21,63262,35707.0,34.451,19.445,27555.0,15.006,17/2/21,3.0,AstraZeneca,Pfizer,AstraZeneca,,,,,,,AstraZeneca - Vaxzevria:Pfizer BioNTech - Comirnaty:SII - Covishield
175,175,Saint Vincent and the Grenadines,VCT,AMRO,REPORTING,27/8/21,26690,16417.0,24.058,14.798,10273.0,9.26,1/2/21,4.0,AstraZeneca,Sputnik V,Pfizer,AstraZeneca,,,,,,AstraZeneca - Vaxzevria:Gamaleya - Sputnik V:Pfizer BioNTech - Comirnaty:SII - Covishield
176,176,Samoa,WSM,WPRO,REPORTING,26/8/21,132420,91478.0,66.739,46.105,40942.0,20.635,18/4/21,1.0,AstraZeneca,,,,,,,,,AstraZeneca - Vaxzevria
177,177,San Marino,SMR,EURO,OWID,29/8/21,46486,23955.0,136.973,70.585,23955.0,70.585,,2.0,Pfizer, Gamaleya - Sputnik V,,,,,,,,Pfizer BioNTech - Comirnaty: Gamaleya - Sputnik V
178,178,Sao Tome and Principe,STP,AFRO,REPORTING,1/9/21,46349,34468.0,21.149,15.727,11881.0,5.421,15/3/21,2.0,AstraZeneca,AstraZeneca,,,,,,,,AstraZeneca - Vaxzevria:SII - Covishield
179,179,Saudi Arabia,SAU,EMRO,REPORTING,1/9/21,37255738,22250708.0,107.014,63.913,15005030.0,43.101,6/1/21,4.0,AstraZeneca,Janssen,Moderna,Pfizer,,,,,,AstraZeneca - Vaxzevria:Janssen - Ad26.COV 2.5:Moderna - mRNA-1273:Pfizer BioNTech - Comirnaty
180,180,Senegal,SEN,AFRO,REPORTING,1/9/21,1600053,1169276.0,9.556,6.983,718830.0,4.293,23/2/21,2.0,BBIBP-CorV,AstraZeneca,,,,,,,,Beijing CNBG - BBIBP-CorV:SII - Covishield
181,181,Serbia,SRB,EURO,OWID,30/8/21,5882966,2923123.0,84.932,42.201,2804423.0,40.487,,4.0,AstraZeneca, Pfizer BioNTech - Comirnaty, Beijing CNBG - Inactivated, Gamaleya - Sputnik V,,,,,,AstraZeneca - AZD1222: Pfizer BioNTech - Comirnaty: Beijing CNBG - Inactivated: Gamaleya - Sputnik V
182,182,Seychelles,SYC,AFRO,REPORTING,25/8/21,139625,74309.0,141.972,75.558,70441.0,71.625,10/1/21,2.0,BBIBP-CorV,AstraZeneca,,,,,,,,Beijing CNBG - BBIBP-CorV:SII - Covishield
183,183,Sierra Leone,SLE,AFRO,REPORTING,27/8/21,193557,159793.0,2.426,2.003,33764.0,0.423,15/3/21,2.0,BBIBP-CorV,AstraZeneca,,,,,,,,Beijing CNBG - BBIBP-CorV:SII - Covishield
184,184,Singapore,SGP,WPRO,REPORTING,27/8/21,8667278,4500430.0,148.15,76.926,4291659.0,73.357,30/12/20,3.0,AstraZeneca,Moderna,Pfizer,,,,,,,AstraZeneca - Vaxzevria:Moderna - mRNA-1273:Pfizer BioNTech - Comirnaty
185,185,Sint Eustatius,XBA,AMRO,REPORTING,27/8/21,2741,1421.0,87.321,45.269,1320.0,42.052,,,,,,,,,,,,
186,186,Sint Maarten,SXM,AMRO,REPORTING,27/8/21,48042,25161.0,112.033,58.675,22881.0,53.358,22/2/21,3.0,AstraZeneca,Moderna,Pfizer,,,,,,,AstraZeneca - Vaxzevria:Moderna - mRNA-1273:Pfizer BioNTech - Comirnaty
187,187,Slovakia,SVK,EURO,OWID,31/8/21,4570556,2393402.0,83.742,43.852,2177154.0,39.89,,3.0,Moderna, AstraZeneca - AZD1222, Pfizer BioNTech - Comirnaty,,,,,,,Moderna - mRNA-1273: AstraZeneca - AZD1222: Pfizer BioNTech - Comirnaty
188,188,Slovenia,SVN,EURO,OWID,31/8/21,1897232,992258.0,90.523,47.344,904974.0,43.179,,2.0,AstraZeneca, Pfizer BioNTech - Comirnaty,,,,,,,,AstraZeneca - AZD1222: Pfizer BioNTech - Comirnaty
189,189,Solomon Islands,SLB,WPRO,REPORTING,31/8/21,83441,62891.0,12.148,9.156,20550.0,2.992,23/3/21,3.0,AstraZeneca,BBIBP-CorV,AstraZeneca,,,,,,,AstraZeneca - Vaxzevria:Beijing CNBG - BBIBP-CorV:SII - Covishield
190,190,Somalia,SOM,EMRO,REPORTING,1/9/21,295107,197682.0,1.857,1.244,97425.0,0.613,16/3/21,4.0,BBIBP-CorV,Janssen,AstraZeneca,Sinovac - CoronaVac,,,,,,Beijing CNBG - BBIBP-CorV:Janssen - Ad26.COV 2.5:SII - Covishield:Sinovac - CoronaVac
191,191,South Africa,ZAF,AFRO,REPORTING,31/8/21,12568525,6583232.0,21.192,11.1,5985293.0,10.092,17/2/21,1.0,Janssen,,,,,,,,,Janssen - Ad26.COV 2.5
192,192,South Sudan,SSD,AFRO,REPORTING,30/8/21,57150,52387.0,0.511,0.468,4763.0,0.043,6/4/21,1.0,AstraZeneca,,,,,,,,,SII - Covishield
193,193,Spain,ESP,EURO,OWID,30/8/21,65673013,36431416.0,138.748,76.969,32996436.0,69.712,,4.0,Janssen, Moderna - mRNA-1273, AstraZeneca - AZD1222, Pfizer BioNTech - Comirnaty,,,,,,Janssen - Ad26.COV 2.5: Moderna - mRNA-1273: AstraZeneca - AZD1222: Pfizer BioNTech - Comirnaty
194,194,Sri Lanka,LKA,SEARO,REPORTING,31/8/21,20638181,12468949.0,96.38,58.23,8169232.0,38.15,29/1/21,6.0,AstraZeneca,BBIBP-CorV,Sputnik V,Moderna,Pfizer,AstraZeneca,,,,AstraZeneca - Vaxzevria:Beijing CNBG - BBIBP-CorV:Gamaleya - Sputnik V:Moderna - mRNA-1273:Pfizer BioNTech - Comirnaty:SII - Covishield
195,195,Sudan,SDN,EMRO,REPORTING,22/8/21,829682,643569.0,1.892,1.468,186113.0,0.424,9/3/21,5.0,BBIBP-CorV,Janssen,Pfizer,AstraZeneca,Sinovac - CoronaVac,,,,,Beijing CNBG - BBIBP-CorV:Janssen - Ad26.COV 2.5:Pfizer BioNTech - Comirnaty:SII - Covishield:Sinovac - CoronaVac
196,196,Suriname,SUR,AMRO,REPORTING,27/8/21,319434,198367.0,54.452,33.815,121067.0,20.638,23/2/21,3.0,AstraZeneca,BBIBP-CorV,AstraZeneca,,,,,,,AstraZeneca - Vaxzevria:Beijing CNBG - BBIBP-CorV:SII - Covishield
197,197,Sweden,SWE,EURO,OWID,31/8/21,12598988,6894288.0,121.994,66.756,5703510.0,55.226,,3.0,Moderna, AstraZeneca - AZD1222, Pfizer BioNTech - Comirnaty,,,,,,,Moderna - mRNA-1273: AstraZeneca - AZD1222: Pfizer BioNTech - Comirnaty
198,198,Switzerland,CHE,EURO,OWID,31/8/21,9613915,4980521.0,111.084,57.548,4454051.0,51.464,,2.0,Moderna, Pfizer BioNTech - Comirnaty,,,,,,,,Moderna - mRNA-1273: Pfizer BioNTech - Comirnaty
199,199,Syrian Arab Republic,SYR,EMRO,REPORTING,30/8/21,403254,201379.0,2.304,1.151,201875.0,1.154,1/4/21,5.0,BBIBP-CorV,Sputnik V,Janssen,AstraZeneca,Sinovac - CoronaVac,,,,,Beijing CNBG - BBIBP-CorV:Gamaleya - Sputnik V:Janssen - Ad26.COV 2.5:SII - Covishield:Sinovac - CoronaVac
200,200,Tajikistan,TJK,EURO,OWID,31/8/21,2808056,2009748.0,29.442,21.072,798308.0,8.37,,3.0,Moderna, AstraZeneca - AZD1222, Sinovac - CoronaVac,,,,,,,Moderna - mRNA-1273: AstraZeneca - AZD1222: Sinovac - CoronaVac
201,201,Thailand,THA,SEARO,REPORTING,30/8/21,31182438,23401465.0,44.674,33.526,7780973.0,11.148,28/2/21,7.0,AstraZeneca,BBIBP-CorV,Janssen,Moderna,Pfizer,AstraZeneca,Sinovac - CoronaVac,,,AstraZeneca - Vaxzevria:Beijing CNBG - BBIBP-CorV:Janssen - Ad26.COV 2.5:Moderna - mRNA-1273:Pfizer BioNTech - Comirnaty:SII - Covishield:Sinovac - CoronaVac
202,202,The United Kingdom,GBR,EURO,REPORTING,30/8/21,90752303,48028366.0,133.7,70.568,42614760.0,62.774,21/12/20,3.0,AstraZeneca,Moderna,Pfizer,,,,,,,AstraZeneca - Vaxzevria:Moderna - mRNA-1273:Pfizer BioNTech - Comirnaty
203,203,Timor-Leste,TLS,SEARO,REPORTING,31/8/21,588299,389989.0,44.621,29.579,198310.0,15.041,7/4/21,3.0,AstraZeneca,AstraZeneca,Sinovac - CoronaVac,,,,,,,AstraZeneca - Vaxzevria:SII - Covishield:Sinovac - CoronaVac
204,204,Togo,TGO,AFRO,REPORTING,23/8/21,535518,356897.0,6.469,4.311,178621.0,2.158,10/3/21,1.0,AstraZeneca,,,,,,,,,SII - Covishield
205,205,Tokelau,TKL,WPRO,REPORTING,3/8/21,968,968.0,71.704,71.704,,,20/7/21,1.0,Pfizer,,,,,,,,,Pfizer BioNTech - Comirnaty
206,206,Tonga,TON,WPRO,REPORTING,30/8/21,68404,41130.0,64.718,38.914,27274.0,25.804,14/4/21,1.0,AstraZeneca,,,,,,,,,AstraZeneca - Vaxzevria
207,207,Trinidad and Tobago,TTO,AMRO,REPORTING,27/8/21,879807,498016.0,62.866,35.586,381791.0,27.281,17/2/21,4.0,AstraZeneca,BBIBP-CorV,Pfizer,AstraZeneca,,,,,,AstraZeneca - Vaxzevria:Beijing CNBG - BBIBP-CorV:Pfizer BioNTech - Comirnaty:SII - Covishield
208,208,Tunisia,TUN,EMRO,REPORTING,31/8/21,5683733,4179830.0,48.091,35.366,1503903.0,12.725,13/3/21,5.0,AstraZeneca,Sputnik V,Janssen,Pfizer,Sinovac - CoronaVac,,,,,AstraZeneca - Vaxzevria:Gamaleya - Sputnik V:Janssen - Ad26.COV 2.5:Pfizer BioNTech - Comirnaty:Sinovac - CoronaVac
209,209,Turkey,TUR,EURO,OWID,31/8/21,94167554,48271065.0,111.654,57.235,37089601.0,43.977,,2.0,Pfizer, Sinovac - CoronaVac,,,,,,,,Pfizer BioNTech - Comirnaty: Sinovac - CoronaVac
210,210,Turkmenistan,TKM,EURO,OWID,4/4/21,41993,32240.0,0.696,0.535,9753.0,0.162,,4.0,EpiVacCorona, AstraZeneca - AZD1222, Beijing CNBG - Inactivated, Gamaleya - Sputnik V,,,,,,SRCVB - EpiVacCorona: AstraZeneca - AZD1222: Beijing CNBG - Inactivated: Gamaleya - Sputnik V
211,211,Turks and Caicos Islands,TCA,AMRO,REPORTING,27/8/21,49107,25621.0,126.832,66.173,23486.0,60.659,11/1/21,1.0,Pfizer,,,,,,,,,Pfizer BioNTech - Comirnaty
212,212,Tuvalu,TUV,WPRO,REPORTING,26/8/21,10692,6167.0,90.672,52.298,4525.0,38.373,13/4/21,1.0,AstraZeneca,,,,,,,,,AstraZeneca - Vaxzevria
213,213,Uganda,UGA,AFRO,REPORTING,23/8/21,1163451,901900.0,2.544,1.972,242310.0,0.53,10/3/21,1.0,AstraZeneca,,,,,,,,,SII - Covishield
214,214,Ukraine,UKR,EURO,OWID,31/8/21,9239171,5413770.0,21.126,12.379,3825401.0,8.747,,4.0,Moderna, AstraZeneca - AZD1222, Pfizer BioNTech - Comirnaty, Sinovac - CoronaVac,,,,,,Moderna - mRNA-1273: AstraZeneca - AZD1222: Pfizer BioNTech - Comirnaty: Sinovac - CoronaVac
215,215,United Arab Emirates,ARE,EMRO,REPORTING,1/9/21,18224710,,184.267,,,,14/12/20,5.0,AstraZeneca,BBIBP-CorV,Sputnik V,Pfizer,AstraZeneca,,,,,AstraZeneca - Vaxzevria:Beijing CNBG - BBIBP-CorV:Gamaleya - Sputnik V:Pfizer BioNTech - Comirnaty:SII - Covishield
216,216,United Republic of Tanzania,TZA,AFRO,REPORTING,28/8/21,310103,0.0,0.519,0.0,300753.0,0.503,,1.0,Janssen,,,,,,,,,Janssen - Ad26.COV 2.5
217,217,United States of America,USA,AMRO,REPORTING,27/8/21,367316149,208861659.0,110.971,63.1,172731027.0,52.184,14/12/20,3.0,Janssen,Moderna,Pfizer,,,,,,,Janssen - Ad26.COV 2.5:Moderna - mRNA-1273:Pfizer BioNTech - Comirnaty
218,218,Uruguay,URY,AMRO,REPORTING,27/8/21,5436311,2653877.0,156.498,76.398,2487930.0,71.621,27/2/21,3.0,AstraZeneca,Pfizer,Sinovac - CoronaVac,,,,,,,AstraZeneca - Vaxzevria:Pfizer BioNTech - Comirnaty:Sinovac - CoronaVac
219,219,Uzbekistan,UZB,EURO,OWID,30/8/21,14338693,9490884.0,42.841,28.357,,,,3.0,AstraZeneca, RBD-Dimer, Gamaleya - Sputnik V,,,,,,,AstraZeneca - AZD1222: RBD-Dimer: Gamaleya - Sputnik V
220,220,Vanuatu,VUT,WPRO,REPORTING,29/8/21,43645,34753.0,14.21,11.315,8906.0,2.9,2/6/21,2.0,AstraZeneca,BBIBP-CorV,,,,,,,,AstraZeneca - Vaxzevria:Beijing CNBG - BBIBP-CorV
221,221,Venezuela (Bolivarian Republic of),VEN,AMRO,REPORTING,27/8/21,9150998,5814451.0,32.181,20.448,3326547.0,11.698,22/2/21,3.0,BBIBP-CorV,Sputnik V,Wuhan CNBG - Inactivated,,,,,,,Beijing CNBG - BBIBP-CorV:Gamaleya - Sputnik V:Wuhan CNBG - Inactivated
222,222,Viet Nam,VNM,WPRO,REPORTING,27/8/21,18843004,16607991.0,19.358,17.062,2235013.0,2.296,8/3/21,5.0,AstraZeneca,BBIBP-CorV,Sputnik V,Moderna,Pfizer,,,,,AstraZeneca - Vaxzevria:Beijing CNBG - BBIBP-CorV:Gamaleya - Sputnik V:Moderna - mRNA-1273:Pfizer BioNTech - Comirnaty
223,223,Wallis and Futuna,WLF,WPRO,REPORTING,22/7/21,9801,4952.0,87.151,44.033,4849.0,43.118,19/3/21,1.0,Moderna,,,,,,,,,Moderna - mRNA-1273
224,224,Yemen,YEM,EMRO,REPORTING,27/7/21,311483,298161.0,1.044,1.0,13322.0,0.045,20/4/21,1.0,AstraZeneca,,,,,,,,,SII - Covishield
225,225,Zambia,ZMB,AFRO,REPORTING,23/8/21,503707,303966.0,2.74,1.653,199741.0,1.086,14/4/21,1.0,AstraZeneca,,,,,,,,,SII - Covishield
226,226,Zimbabwe,ZWE,AFRO,REPORTING,31/8/21,4172036,2552573.0,28.07,17.174,1619463.0,10.896,18/2/21,3.0,BBIBP-CorV,Covaxin,Sinovac - CoronaVac,,,,,,,Beijing CNBG - BBIBP-CorV:Bharat - Covaxin:Sinovac - CoronaVac
